,Unnamed: 0.7,Unnamed: 0.6,Unnamed: 0.5,Unnamed: 0.4,Unnamed: 0.3,Unnamed: 0.2,Unnamed: 0.1,Unnamed: 0,agent_name,alpha,epochs,c_point,time,best_score
0,0.0,0.0,0.0,0.0,0.0,0.0,0.0,,Discrete Actor Critic,0.0001,100.0,0.0,17.326178073883057,0.0
1,1.0,1.0,1.0,1.0,1.0,1.0,,,Discrete Actor Critic,0.0001,1000.0,0.0,844.3108534812927,0.0
2,2.0,2.0,2.0,2.0,2.0,,,,Discrete Actor Critic,0.0001,10.0,0.0,2.387543201446533,0.0
3,3.0,3.0,3.0,3.0,,,,,Discrete Actor Critic,0.0001,10.0,0.0,2.514007329940796,0.0
4,4.0,4.0,4.0,,,,,,Discrete Actor Critic,0.0001,10.0,0.0,2.611569404602051,0.0
5,5.0,5.0,,,,,,,Discrete Actor Critic,0.0001,10.0,0.0,2.470726251602173,0.0
6,6.0,,,,,,,,Discrete Actor Critic,0.0001,1000.0,0.0,129.57751321792605,0.0
7,,,,,,,,,Discrete Actor Critic,0.0001,1000.0,0.0,263.10215044021606,0.0
